{
  "head_width": 28.34285714285714,
  "head_length": 27.857142857142858,
  "effective_radius": 19.228571428571428,
  "hrtf_subject": "019",
  "calibration_data": {
    "003": {
      "preset_angles": [
        30,
        -80,
        0,
        45,
        80,
        -45,
        -30
      ],
      "responses": [
        80.0,
        -45.0,
        0.0,
        30.0,
        45.0,
        30.0,
        45.0
      ]
    },
    "019": {
      "preset_angles": [
        30,
        -80,
        0,
        45,
        80,
        -45,
        -30
      ],
      "responses": [
        80.0,
        -80.0,
        0.0,
        0.0,
        30.0,
        30.0,
        -30.0
      ]
    }
  },
  "timestamp": "2025-04-21 21:10:14"
}